Workbook
Name E2E20001: Customers!$E$2
Name WE: Customers!$E$2

Sheet Customers
A1: CustomerID | B1: FirstName | C1: LastName | D1: Gender | E1: DateOfBirth | F1: PhoneNumber | G1: Email | H1: RegionID | I1: SubscriptionID | J1: JoinDate | K1: CustomerStatus
A2: ="CUS"&TEXT(ROW()-1,"00000") -> CUS00001 | B2: Janet | C2: Hill | D2: =_xlfn.XLOOKUP(B2,FirstNames!$A$2:$A$51,FirstNames!$B$2:$B$51) -> Female | E2: 28527 | F2: 08172119377 | G2: janet.hill.cus00001@pulseconnect.com | H2: 1 | I2: 3 | J2: =DATE(RANDBETWEEN(2021,2025),RANDBETWEEN(1,12),RANDBETWEEN(1,28)) -> 45324 | K2: Active
A3: ="CUS"&TEXT(ROW()-1,"00000") -> CUS00002 | B3: Victoria | C3: Olawale | D3: =_xlfn.XLOOKUP(B3,FirstNames!$A$2:$A$51,FirstNames!$B$2:$B$51) -> Female | E3: 23306 | F3: 08160740367 | G3: victoria.olawale.cus00002@pulseconnect.com | H3: 6 | I3: 1 | J3: =DATE(RANDBETWEEN(2021,2025),RANDBETWEEN(1,12),RANDBETWEEN(1,28)) -> 44484 | K3: Active
A4: ="CUS"&TEXT(ROW()-1,"00000") -> CUS00003 | B4: Gloria | C4: Mohammed | D4: =_xlfn.XLOOKUP(B4,FirstNames!$A$2:$A$51,FirstNames!$B$2:$B$51) -> Female | E4: 36194 | F4: 09082974099 | G4: gloria.mohammed.cus00003@pulseconnect.com | H4: 5 | I4: 3 | J4: =DATE(RANDBETWEEN(2021,2025),RANDBETWEEN(1,12),RANDBETWEEN(1,28)) -> 45546 | K4: Active
A5: ="CUS"&TEXT(ROW()-1,"00000") -> CUS00004 | B5: Faith | C5: Okeke | D5: =_xlfn.XLOOKUP(B5,FirstNames!$A$2:$A$51,FirstNames!$B$2:$B$51) -> Female | E5: 33263 | F5: 08012108859 | G5: faith.okeke.cus00004@pulseconnect.com | H5: 3 | I5: 1 | J5: =DATE(RANDBETWEEN(2021,2025),RANDBETWEEN(1,12),RANDBETWEEN(1,28)) -> 44221 | K5: Active
A6: ="CUS"&TEXT(ROW()-1,"00000") -> CUS00005 | B6: James | C6: King | D6: =_xlfn.XLOOKUP(B6,FirstNames!$A$2:$A$51,FirstNames!$B$2:$B$51) -> Male | E6: 39311 | F6: 07012438896 | G6: james.king.cus00005@pulseconnect.com | H6: 6 | I6: 5 | J6: =DATE(RANDBETWEEN(2021,2025),RANDBETWEEN(1,12),RANDBETWEEN(1,28)) -> 44231 | K6: Active
A7: ="CUS"&TEXT(ROW()-1,"00000") -> CUS00006 | B7: Moses | C7: Afolabi | D7: =_xlfn.XLOOKUP(B7,FirstNames!$A$2:$A$51,FirstNames!$B$2:$B$51) -> Male | E7: 39017 | F7: 08169985977 | G7: moses.afolabi.cus00006@pulseconnect.com | H7: 1 | I7: 2 | J7: =DATE(RANDBETWEEN(2021,2025),RANDBETWEEN(1,12),RANDBETWEEN(1,28)) -> 45112 | K7: Active
A8: ="CUS"&TEXT(ROW()-1,"00000") -> CUS00007 | B8: Joseph | C8: Adewale | D8: =_xlfn.XLOOKUP(B8,FirstNames!$A$2:$A$51,FirstNames!$B$2:$B$51) -> Male | E8: 34004 | F8: 08025686155 | G8: joseph.adewale.cus00007@pulseconnect.com | H8: 6 | I8: 1 | J8: =DATE(RANDBETWEEN(2021,2025),RANDBETWEEN(1,12),RANDBETWEEN(1,28)) -> 44642 | K8: Active
A9: ="CUS"&TEXT(ROW()-1,"00000") -> CUS00008 | B9: Gloria | C9: Akinola | D9: =_xlfn.XLOOKUP(B9,FirstNames!$A$2:$A$51,FirstNames!$B$2:$B$51) -> Female | E9: 23799 | F9: 09114330997 | G9: gloria.akinola.cus00008@pulseconnect.com | H9: 4 | I9: 4 | J9: =DATE(RANDBETWEEN(2021,2025),RANDBETWEEN(1,12),RANDBETWEEN(1,28)) -> 46008 | K9: Active
A10: ="CUS"&TEXT(ROW()-1,"00000") -> CUS00009 | B10: Mark | C10: Yusuf | D10: =_xlfn.XLOOKUP(B10,FirstNames!$A$2:$A$51,FirstNames!$B$2:$B$51) -> Male | E10: 38455 | F10: 09191273953 | G10: mark.yusuf.cus00009@pulseconnect.com | H10: 4 | I10: 1 | J10: =DATE(RANDBETWEEN(2021,2025),RANDBETWEEN(1,12),RANDBETWEEN(1,28)) -> 44976 | K10: Active
A11: ="CUS"&TEXT(ROW()-1,"00000") -> CUS00010 | B11: James | C11: Eze | D11: =_xlfn.XLOOKUP(B11,FirstNames!$A$2:$A$51,FirstNames!$B$2:$B$51) -> Male | E11: 24427 | F11: 08093538541 | G11: james.eze.cus00010@pulseconnect.com | H11: 2 | I11: 2 | J11: =DATE(RANDBETWEEN(2021,2025),RANDBETWEEN(1,12),RANDBETWEEN(1,28)) -> 45897 | K11: Active
A12: ="CUS"&TEXT(ROW()-1,"00000") -> CUS00011 | B12: Paul | C12: Hall | D12: =_xlfn.XLOOKUP(B12,FirstNames!$A$2:$A$51,FirstNames!$B$2:$B$51) -> Male | E12: 25039 | F12: 07069996378 | G12: paul.hall.cus00011@pulseconnect.com | H12: 1 | I12: 4 | J12: =DATE(RANDBETWEEN(2021,2025),RANDBETWEEN(1,12),RANDBETWEEN(1,28)) -> 44757 | K12: Active
A13: ="CUS"&TEXT(ROW()-1,"00000") -> CUS00012 | B13: Richard | C13: Green | D13: =_xlfn.XLOOKUP(B13,FirstNames!$A$2:$A$51,FirstNames!$B$2:$B$51) -> Male | E13: 23630 | F13: 07048335782 | G13: richard.green.cus00012@pulseconnect.com | H13: 1 | I13: 3 | J13: =DATE(RANDBETWEEN(2021,2025),RANDBETWEEN(1,12),RANDBETWEEN(1,28)) -> 45616 | K13: Active
... A20001: ="CUS"&TEXT(ROW()-1,"00000") -> CUS20000 | B20001: Philip | C20001: Afolabi | D20001: =_xlfn.XLOOKUP(B20001,FirstNames!$A$2:$A$51,FirstNames!$B$2:$B$51) -> Male | E20001: 35819 | F20001: 09176909680 | G20001: philip.afolabi.cus20000@pulseconnect.com | H20001: 2 | I20001: 1 | J20001: =DATE(RANDBETWEEN(2021,2025),RANDBETWEEN(1,12),RANDBETWEEN(1,28)) -> 45552 | K20001: Active

Sheet FirstNames
A1: FirstName | B1: Gender
A2: John | B2: Male
A3: James | B3: Male
A4: Michael | B4: Male
A5: David | B5: Male
A6: Daniel | B6: Male
A7: Joseph | B7: Male
A8: Samuel | B8: Male
A9: Peter | B9: Male
A10: Paul | B10: Male
A11: Mark | B11: Male
A12: Matthew | B12: Male
... A51: Janet | B51: Female

Sheet LastNames
A1: LastName
A2: Adeyemi
A3: Okafor
A4: Ogunleye
A5: Adebayo
A6: Balogun
A7: Ojo
A8: Ibrahim
A9: Mohammed
A10: Abdullahi
A11: Eze
A12: Okoro
... A51: Evans
